{
  "hash": "b02bc60d",
  "configHash": "4e13517d",
  "lockfileHash": "2a34629c",
  "browserHash": "c75698a6",
  "optimized": {
    "@angular/common": {
      "src": "../../../../../../node_modules/@angular/common/fesm2022/common.mjs",
      "file": "@angular_common.js",
      "fileHash": "ec153eef",
      "needsInterop": false
    },
    "@angular/core": {
      "src": "../../../../../../node_modules/@angular/core/fesm2022/core.mjs",
      "file": "@angular_core.js",
      "fileHash": "cda7667f",
      "needsInterop": false
    },
    "@angular/platform-browser": {
      "src": "../../../../../../node_modules/@angular/platform-browser/fesm2022/platform-browser.mjs",
      "file": "@angular_platform-browser.js",
      "fileHash": "bd574384",
      "needsInterop": false
    },
    "@angular/router": {
      "src": "../../../../../../node_modules/@angular/router/fesm2022/router.mjs",
      "file": "@angular_router.js",
      "fileHash": "fc905593",
      "needsInterop": false
    },
    "ng-image-slider": {
      "src": "../../../../../../node_modules/ng-image-slider/fesm2022/ng-image-slider.mjs",
      "file": "ng-image-slider.js",
      "fileHash": "f7b6e08e",
      "needsInterop": false
    }
  },
  "chunks": {
    "chunk-6I26TVE5": {
      "file": "chunk-6I26TVE5.js"
    },
    "chunk-B235GXZU": {
      "file": "chunk-B235GXZU.js"
    },
    "chunk-YJFJI4Y6": {
      "file": "chunk-YJFJI4Y6.js"
    }
  }
}