<?xml version="1.0" encoding="UTF-8"?>
<!DOCTYPE hibernate-configuration PUBLIC "-//Hibernate/Hibernate Configuration DTD 3.0//EN" "http://www.hibernate.org/dtd/hibernate-configuration-3.0.dtd">

<hibernate-configuration>
    <session-factory>
        <property name="hibernate.connection.driver_class">com.mysql.cj.jdbc.Driver</property>
        <property name="hibernate.connection.url">jdbc:mysql://localhost:3306/musica</property>
        <property name="hibernate.connection.username">examen</property>
        <property name="hibernate.connection.password">Examen2024</property>
        <property name="hibernate.show_sql">false</property>
        <property name="hibernate.format_sql">true</property>
		<property name="hibernate.hbm2ddl.auto">none</property>
        <property name="hibernate.connection.pool_size">10</property>
	
    </session-factory>
</hibernate-configuration>

  </session-factory>
</hibernate-configuration>