{
  "hash": "13baf333",
  "configHash": "aa31a49c",
  "lockfileHash": "bd1a5476",
  "browserHash": "f8cc069a",
  "optimized": {
    "@angular/common": {
      "src": "../../../../../../node_modules/@angular/common/fesm2022/common.mjs",
      "file": "@angular_common.js",
      "fileHash": "1b86bf43",
      "needsInterop": false
    },
    "@angular/common/http": {
      "src": "../../../../../../node_modules/@angular/common/fesm2022/http.mjs",
      "file": "@angular_common_http.js",
      "fileHash": "92bf725d",
      "needsInterop": false
    },
    "@angular/core": {
      "src": "../../../../../../node_modules/@angular/core/fesm2022/core.mjs",
      "file": "@angular_core.js",
      "fileHash": "3d82a11b",
      "needsInterop": false
    },
    "@angular/platform-browser": {
      "src": "../../../../../../node_modules/@angular/platform-browser/fesm2022/platform-browser.mjs",
      "file": "@angular_platform-browser.js",
      "fileHash": "8f2cb1ed",
      "needsInterop": false
    },
    "@angular/router": {
      "src": "../../../../../../node_modules/@angular/router/fesm2022/router.mjs",
      "file": "@angular_router.js",
      "fileHash": "7a3acabe",
      "needsInterop": false
    },
    "@fullcalendar/angular": {
      "src": "../../../../../../node_modules/@fullcalendar/angular/fesm2020/fullcalendar-angular.mjs",
      "file": "@fullcalendar_angular.js",
      "fileHash": "aa9f0fd2",
      "needsInterop": false
    },
    "@fullcalendar/daygrid": {
      "src": "../../../../../../node_modules/@fullcalendar/daygrid/index.js",
      "file": "@fullcalendar_daygrid.js",
      "fileHash": "ac82edb0",
      "needsInterop": false
    },
    "ical.js": {
      "src": "../../../../../../node_modules/ical.js/dist/ical.js",
      "file": "ical__js.js",
      "fileHash": "dff30035",
      "needsInterop": false
    },
    "ng-image-slider": {
      "src": "../../../../../../node_modules/ng-image-slider/fesm2022/ng-image-slider.mjs",
      "file": "ng-image-slider.js",
      "fileHash": "3739178a",
      "needsInterop": false
    }
  },
  "chunks": {
    "chunk-ZXM5CKEH": {
      "file": "chunk-ZXM5CKEH.js"
    },
    "chunk-WH5LKYJ3": {
      "file": "chunk-WH5LKYJ3.js"
    },
    "chunk-FWONPYEP": {
      "file": "chunk-FWONPYEP.js"
    },
    "chunk-UGCUKOBT": {
      "file": "chunk-UGCUKOBT.js"
    },
    "chunk-S264YWTD": {
      "file": "chunk-S264YWTD.js"
    },
    "chunk-WDMUDEB6": {
      "file": "chunk-WDMUDEB6.js"
    }
  }
}